{
  "accuracy": 0.9984276729559748,
  "precision": 0.9926470588235294,
  "recall": 1.0,
  "f1": 0.996309963099631,
  "roc_auc": 1.0,
  "cv_accuracy": 0.9972440944881888
}